headline_id,category,headline,short_description,authors,date,link
1279,EDUCATION,The online learning platform faces backlash after chaotic week,Critics say more accountability is needed going forward.,Maria Alvarez,2022-07-16,https://example-news.test/education/1279
1143,SCIENCE,How the space mission turned things around and inspired a nation,Analysts say the momentum could carry into next year.,Priya Natarajan,2022-12-19,https://example-news.test/science/1143
1126,ENTERTAINMENT,The awards show celebrates historic breakthrough this week,The results were better than most had forecast.,Elena Petrova,2026-06-09,https://example-news.test/entertainment/1126
1375,SPORTS,What to know about the marathon this week,"The situation is still developing, sources say.",Noah Fischer,2026-08-08,https://example-news.test/sports/1375
1358,BUSINESS,Quarterly earnings outlines next steps in official statement,A formal announcement is expected in the coming days.,James Whitfield,2025-11-26,https://example-news.test/business/1358
1055,ENTERTAINMENT,What to know about the streaming series this week,"The situation is still developing, sources say.",Maria Alvarez,2026-04-12,https://example-news.test/entertainment/1055
1221,WORLD NEWS,The trade summit schedules review after routine inspection,Further details are expected to be released soon.,Tom O'Malley,2022-07-21,https://example-news.test/world-news/1221
1195,POLITICS,Local lawmakers hits new milestone after years of hard work,Community members expressed relief and optimism.,Grace Achieng,2025-10-25,https://example-news.test/politics/1195
1489,BUSINESS,The merger to hold public briefing on Thursday,Further details are expected to be released soon.,Sofia Rossi,2021-10-29,https://example-news.test/business/1489
1136,ENVIRONMENT,The drought hits new milestone after years of hard work,The results were better than most had forecast.,James Whitfield,2026-02-15,https://example-news.test/environment/1136
1416,ENTERTAINMENT,A closer look at the streaming series and what comes next,A formal announcement is expected in the coming days.,Noah Fischer,2025-01-16,https://example-news.test/entertainment/1416
1104,SPORTS,"The star striker delivers surprising win, and experts are impressed",Analysts say the momentum could carry into next year.,Chen Wei,2021-07-06,https://example-news.test/sports/1104
1410,HEALTH,The outbreak outlines next steps in official statement,A formal announcement is expected in the coming days.,Elena Petrova,2022-01-17,https://example-news.test/health/1410
1447,ENTERTAINMENT,The awards show to hold public briefing on Thursday,"The situation is still developing, sources say.",Aisha Bello,2026-07-14,https://example-news.test/entertainment/1447
1203,EDUCATION,The teacher shortage criticized for lack of transparency,Several stakeholders called for an immediate review.,Priya Natarajan,2025-12-07,https://example-news.test/education/1203
1135,SCIENCE,The climate model releases new report on recent activity,"The situation is still developing, sources say.",Maria Alvarez,2022-06-02,https://example-news.test/science/1135
1264,POLITICS,A closer look at the election commission and what comes next,Further details are expected to be released soon.,Grace Achieng,2025-09-03,https://example-news.test/politics/1264
1357,EDUCATION,The university sparks outrage over controversial decision,Several stakeholders called for an immediate review.,Lukas Berg,2022-07-28,https://example-news.test/education/1357
1403,WORLD NEWS,The trade summit struggles as setbacks pile up,It is the latest in a string of difficult headlines.,James Whitfield,2023-08-29,https://example-news.test/world-news/1403
1017,BUSINESS,The central bank sparks outrage over controversial decision,Critics say more accountability is needed going forward.,Lukas Berg,2025-04-13,https://example-news.test/business/1017
1018,EDUCATION,The tuition hike faces backlash after chaotic week,Critics say more accountability is needed going forward.,Noah Fischer,2023-12-29,https://example-news.test/education/1018
1323,EDUCATION,The school district hits new milestone after years of hard work,Officials and observers alike called it a turning point.,Grace Achieng,2021-05-18,https://example-news.test/education/1323
1367,SCIENCE,The space mission celebrates historic breakthrough this week,Community members expressed relief and optimism.,Sofia Rossi,2022-08-21,https://example-news.test/science/1367
1284,POLITICS,The coalition government sparks outrage over controversial decision,The fallout has raised questions about what happens next.,Noah Fischer,2023-09-20,https://example-news.test/politics/1284
1226,HEALTH,The hospital network hits new milestone after years of hard work,Community members expressed relief and optimism.,Priya Natarajan,2022-07-18,https://example-news.test/health/1226
1101,HEALTH,"The mental health program hit by delays, leaving many frustrated",Several stakeholders called for an immediate review.,Tom O'Malley,2022-05-10,https://example-news.test/health/1101
1278,SCIENCE,The fossil discovery outlines next steps in official statement,Officials say more information will follow shortly.,Priya Natarajan,2023-03-27,https://example-news.test/science/1278
1035,SCIENCE,The climate model sparks outrage over controversial decision,Critics say more accountability is needed going forward.,Priya Natarajan,2025-04-02,https://example-news.test/science/1035
1006,BUSINESS,A closer look at the startup and what comes next,A formal announcement is expected in the coming days.,Elena Petrova,2026-02-25,https://example-news.test/business/1006
1266,SCIENCE,The fossil discovery faces backlash after chaotic week,The fallout has raised questions about what happens next.,Sofia Rossi,2025-08-30,https://example-news.test/science/1266
1038,POLITICS,"The Senate under fire for costly, avoidable mistake",Critics say more accountability is needed going forward.,David Kim,2021-11-25,https://example-news.test/politics/1038
1335,WORLD NEWS,The refugee crisis outlines next steps in official statement,Officials say more information will follow shortly.,Maria Alvarez,2023-05-18,https://example-news.test/world-news/1335
1118,EDUCATION,The school district outlines next steps in official statement,Officials say more information will follow shortly.,Maria Alvarez,2022-01-10,https://example-news.test/education/1118
1150,ENTERTAINMENT,The film festival faces backlash after chaotic week,It is the latest in a string of difficult headlines.,Chen Wei,2023-08-01,https://example-news.test/entertainment/1150
1137,POLITICS,"The election commission praised for bold, forward-thinking approach",Officials and observers alike called it a turning point.,Sofia Rossi,2023-12-22,https://example-news.test/politics/1137
1321,WORLD NEWS,The ceasefire schedules review after routine inspection,"The situation is still developing, sources say.",Tom O'Malley,2023-10-11,https://example-news.test/world-news/1321
1015,SPORTS,"The rookie player hit by delays, leaving many frustrated",It is the latest in a string of difficult headlines.,Grace Achieng,2025-06-24,https://example-news.test/sports/1015
1295,SPORTS,The national team disappoints critics with underwhelming results,The fallout has raised questions about what happens next.,Maria Alvarez,2022-02-15,https://example-news.test/sports/1295
1373,EDUCATION,The university celebrates historic breakthrough this week,The results were better than most had forecast.,Aisha Bello,2022-04-12,https://example-news.test/education/1373
1218,EDUCATION,The university announces plans for next quarter,"The situation is still developing, sources say.",Aisha Bello,2023-08-31,https://example-news.test/education/1218
1394,ENTERTAINMENT,"The film festival praised for bold, forward-thinking approach",The results were better than most had forecast.,Lukas Berg,2022-07-19,https://example-news.test/entertainment/1394
1419,BUSINESS,"The central bank suffers major setback, raising fresh concerns",Critics say more accountability is needed going forward.,Maria Alvarez,2024-11-08,https://example-news.test/business/1419
1219,WORLD NEWS,"The humanitarian aid effort exceeds expectations, boosting confidence nationwide",Analysts say the momentum could carry into next year.,David Kim,2023-09-07,https://example-news.test/world-news/1219
1446,ENTERTAINMENT,"The album release exceeds expectations, boosting confidence nationwide",Officials and observers alike called it a turning point.,Aisha Bello,2023-04-02,https://example-news.test/entertainment/1446
1417,ENTERTAINMENT,"The film festival under fire for costly, avoidable mistake",Critics say more accountability is needed going forward.,Lukas Berg,2024-06-05,https://example-news.test/entertainment/1417
1148,SPORTS,What to know about the marathon this week,Further details are expected to be released soon.,Lukas Berg,2025-01-10,https://example-news.test/sports/1148
1248,EDUCATION,The university outlines next steps in official statement,Officials say more information will follow shortly.,Sofia Rossi,2021-11-11,https://example-news.test/education/1248
1190,WORLD NEWS,"The humanitarian aid effort hit by delays, leaving many frustrated",The fallout has raised questions about what happens next.,David Kim,2022-04-12,https://example-news.test/world-news/1190
1420,BUSINESS,The merger responds to questions about recent changes,A formal announcement is expected in the coming days.,Tom O'Malley,2025-04-19,https://example-news.test/business/1420
1198,BUSINESS,The central bank sparks outrage over controversial decision,Critics say more accountability is needed going forward.,Lukas Berg,2024-06-24,https://example-news.test/business/1198
1464,BUSINESS,The central bank responds to questions about recent changes,Further details are expected to be released soon.,James Whitfield,2024-09-20,https://example-news.test/business/1464
1434,SCIENCE,The lab breakthrough struggles as setbacks pile up,Several stakeholders called for an immediate review.,Elena Petrova,2025-11-27,https://example-news.test/science/1434
1166,WORLD NEWS,The peace talks faces backlash after chaotic week,Critics say more accountability is needed going forward.,Aisha Bello,2023-09-25,https://example-news.test/world-news/1166
1205,HEALTH,"The clinical trial exceeds expectations, boosting confidence nationwide",The results were better than most had forecast.,Maria Alvarez,2021-08-22,https://example-news.test/health/1205
1314,EDUCATION,"The tuition hike exceeds expectations, boosting confidence nationwide",Officials and observers alike called it a turning point.,Sofia Rossi,2022-06-25,https://example-news.test/education/1314
1233,ENVIRONMENT,"The coral reef project delivers surprising win, and experts are impressed",The results were better than most had forecast.,Sofia Rossi,2021-06-28,https://example-news.test/environment/1233
1140,SPORTS,A closer look at the rookie player and what comes next,Further details are expected to be released soon.,Elena Petrova,2022-01-06,https://example-news.test/sports/1140
1209,POLITICS,The new bill responds to questions about recent changes,Further details are expected to be released soon.,Aisha Bello,2025-03-08,https://example-news.test/politics/1209
1048,ENTERTAINMENT,How the film festival turned things around and inspired a nation,Community members expressed relief and optimism.,Maria Alvarez,2021-01-15,https://example-news.test/entertainment/1048
1356,SPORTS,How the league turned things around and inspired a nation,Officials and observers alike called it a turning point.,Chen Wei,2022-10-28,https://example-news.test/sports/1356
1256,POLITICS,The president criticized for lack of transparency,It is the latest in a string of difficult headlines.,David Kim,2022-06-16,https://example-news.test/politics/1256
1368,BUSINESS,The central bank sparks outrage over controversial decision,Several stakeholders called for an immediate review.,Sofia Rossi,2021-11-12,https://example-news.test/business/1368
1273,SPORTS,The championship faces backlash after chaotic week,Critics say more accountability is needed going forward.,Chen Wei,2026-07-21,https://example-news.test/sports/1273
1132,POLITICS,The president responds to questions about recent changes,Further details are expected to be released soon.,Sofia Rossi,2026-06-07,https://example-news.test/politics/1132
1442,POLITICS,"The Senate exceeds expectations, boosting confidence nationwide",Community members expressed relief and optimism.,Lukas Berg,2022-09-07,https://example-news.test/politics/1442
1058,ENTERTAINMENT,The album release sparks outrage over controversial decision,Several stakeholders called for an immediate review.,Maria Alvarez,2022-04-18,https://example-news.test/entertainment/1058
1057,SPORTS,The national team sparks outrage over controversial decision,Several stakeholders called for an immediate review.,Chen Wei,2021-10-12,https://example-news.test/sports/1057
1059,ENTERTAINMENT,"The streaming series hit by delays, leaving many frustrated",Critics say more accountability is needed going forward.,James Whitfield,2025-11-15,https://example-news.test/entertainment/1059
1174,BUSINESS,The merger responds to questions about recent changes,A formal announcement is expected in the coming days.,James Whitfield,2024-08-12,https://example-news.test/business/1174
1121,WORLD NEWS,The peace talks sparks outrage over controversial decision,Several stakeholders called for an immediate review.,Aisha Bello,2022-03-05,https://example-news.test/world-news/1121
1521,BUSINESS,,,,,
1049,HEALTH,"The hospital network hit by delays, leaving many frustrated",The fallout has raised questions about what happens next.,Elena Petrova,2025-12-15,https://example-news.test/health/1049
1346,HEALTH,"The new vaccine suffers major setback, raising fresh concerns",It is the latest in a string of difficult headlines.,Maria Alvarez,2021-01-28,https://example-news.test/health/1346
1120,TECH,"The chip shortage suffers major setback, raising fresh concerns",Several stakeholders called for an immediate review.,Priya Natarajan,2025-11-21,https://example-news.test/tech/1120
1111,EDUCATION,The teacher shortage brings hope to thousands amid tough year,Analysts say the momentum could carry into next year.,Chen Wei,2021-11-29,https://example-news.test/education/1111
1129,WORLD NEWS,The ceasefire celebrates historic breakthrough this week,The results were better than most had forecast.,Sofia Rossi,2026-04-19,https://example-news.test/world-news/1129
1183,TECH,The robotics lab struggles as setbacks pile up,Several stakeholders called for an immediate review.,David Kim,2025-02-14,https://example-news.test/tech/1183
1146,WORLD NEWS,The trade summit releases new report on recent activity,A formal announcement is expected in the coming days.,Sofia Rossi,2024-11-16,https://example-news.test/world-news/1146
1225,SCIENCE,The research team criticized for lack of transparency,The fallout has raised questions about what happens next.,Lukas Berg,2021-12-01,https://example-news.test/science/1225
1276,POLITICS,The coalition government criticized for lack of transparency,Several stakeholders called for an immediate review.,James Whitfield,2025-05-02,https://example-news.test/politics/1276
1063,ENVIRONMENT,The coral reef project criticized for lack of transparency,It is the latest in a string of difficult headlines.,Elena Petrova,2024-04-26,https://example-news.test/environment/1063
1275,TECH,The software update schedules review after routine inspection,Officials say more information will follow shortly.,Maria Alvarez,2025-06-29,https://example-news.test/tech/1275
1022,BUSINESS,A closer look at the startup and what comes next,Further details are expected to be released soon.,Maria Alvarez,2023-09-14,https://example-news.test/business/1022
1391,WORLD NEWS,"The peace talks exceeds expectations, boosting confidence nationwide",Community members expressed relief and optimism.,Grace Achieng,2025-05-11,https://example-news.test/world-news/1391
1412,SPORTS,The marathon responds to questions about recent changes,Officials say more information will follow shortly.,Aisha Bello,2024-03-07,https://example-news.test/sports/1412
1280,HEALTH,"The outbreak under fire for costly, avoidable mistake",The fallout has raised questions about what happens next.,Aisha Bello,2024-07-28,https://example-news.test/health/1280
1021,TECH,The software update announces plans for next quarter,Officials say more information will follow shortly.,Sofia Rossi,2021-03-21,https://example-news.test/tech/1021
1095,WORLD NEWS,The humanitarian aid effort sparks outrage over controversial decision,Several stakeholders called for an immediate review.,Maria Alvarez,2026-07-18,https://example-news.test/world-news/1095
1428,SPORTS,The marathon disappoints critics with underwhelming results,It is the latest in a string of difficult headlines.,Noah Fischer,2021-10-18,https://example-news.test/sports/1428
1007,ENVIRONMENT,The wildfire response schedules review after routine inspection,A formal announcement is expected in the coming days.,David Kim,2024-04-15,https://example-news.test/environment/1007
1079,HEALTH,The wellness study schedules review after routine inspection,Further details are expected to be released soon.,Sofia Rossi,2023-06-18,https://example-news.test/health/1079
1421,BUSINESS,What to know about the retail chain this week,Officials say more information will follow shortly.,Aisha Bello,2024-05-10,https://example-news.test/business/1421
1187,BUSINESS,The retail chain sparks outrage over controversial decision,It is the latest in a string of difficult headlines.,Sofia Rossi,2024-10-28,https://example-news.test/business/1187
1388,SCIENCE,The research team to hold public briefing on Thursday,"The situation is still developing, sources say.",Grace Achieng,2025-10-26,https://example-news.test/science/1388
1083,SCIENCE,The fossil discovery earns widespread praise for smooth rollout,Community members expressed relief and optimism.,Lukas Berg,2024-02-14,https://example-news.test/science/1083
1246,HEALTH,The clinical trial releases new report on recent activity,A formal announcement is expected in the coming days.,Priya Natarajan,2025-11-30,https://example-news.test/health/1246
1102,SPORTS,"The star striker praised for bold, forward-thinking approach",Analysts say the momentum could carry into next year.,Tom O'Malley,2026-06-07,https://example-news.test/sports/1102
1175,EDUCATION,The university celebrates historic breakthrough this week,Community members expressed relief and optimism.,Lukas Berg,2024-04-22,https://example-news.test/education/1175
1354,SPORTS,The championship responds to questions about recent changes,Officials say more information will follow shortly.,Maria Alvarez,2021-11-01,https://example-news.test/sports/1354
1253,BUSINESS,The retail chain outlines next steps in official statement,Officials say more information will follow shortly.,Elena Petrova,2021-09-23,https://example-news.test/business/1253
1381,SCIENCE,The climate model releases new report on recent activity,Officials say more information will follow shortly.,Maria Alvarez,2026-06-01,https://example-news.test/science/1381
1163,WORLD NEWS,"The humanitarian aid effort hit by delays, leaving many frustrated",Critics say more accountability is needed going forward.,Elena Petrova,2025-02-26,https://example-news.test/world-news/1163
1395,EDUCATION,"The tuition hike suffers major setback, raising fresh concerns",The fallout has raised questions about what happens next.,David Kim,2022-11-15,https://example-news.test/education/1395
1202,BUSINESS,The central bank responds to questions about recent changes,"The situation is still developing, sources say.",Grace Achieng,2026-01-13,https://example-news.test/business/1202
1080,ENTERTAINMENT,The box office hit sparks outrage over controversial decision,Several stakeholders called for an immediate review.,Noah Fischer,2025-07-15,https://example-news.test/entertainment/1080
1090,EDUCATION,The school district announces plans for next quarter,Officials say more information will follow shortly.,David Kim,2025-10-21,https://example-news.test/education/1090
1492,POLITICS,Local lawmakers releases new report on recent activity,"The situation is still developing, sources say.",Priya Natarajan,2021-08-08,https://example-news.test/politics/1492
1271,EDUCATION,"The teacher shortage praised for bold, forward-thinking approach",The results were better than most had forecast.,David Kim,2026-03-28,https://example-news.test/education/1271
1297,SCIENCE,The telescope responds to questions about recent changes,"The situation is still developing, sources say.",Noah Fischer,2023-03-28,https://example-news.test/science/1297
1466,SCIENCE,How the climate model turned things around and inspired a nation,Analysts say the momentum could carry into next year.,Aisha Bello,2023-05-30,https://example-news.test/science/1466
1342,ENTERTAINMENT,The box office hit responds to questions about recent changes,"The situation is still developing, sources say.",Priya Natarajan,2024-12-13,https://example-news.test/entertainment/1342
1472,WORLD NEWS,The humanitarian aid effort disappoints critics with underwhelming results,The fallout has raised questions about what happens next.,James Whitfield,2023-10-13,https://example-news.test/world-news/1472
1224,SCIENCE,The research team to hold public briefing on Thursday,"The situation is still developing, sources say.",Aisha Bello,2021-04-20,https://example-news.test/science/1224
1426,SPORTS,The star striker disappoints critics with underwhelming results,Several stakeholders called for an immediate review.,Elena Petrova,2021-04-20,https://example-news.test/sports/1426
1477,POLITICS,The coalition government criticized for lack of transparency,The fallout has raised questions about what happens next.,Priya Natarajan,2024-10-27,https://example-news.test/politics/1477
1407,POLITICS,The president releases new report on recent activity,Further details are expected to be released soon.,Tom O'Malley,2022-08-23,https://example-news.test/politics/1407
1455,HEALTH,The outbreak hits new milestone after years of hard work,Analysts say the momentum could carry into next year.,Priya Natarajan,2022-03-23,https://example-news.test/health/1455
1474,HEALTH,The hospital network earns widespread praise for smooth rollout,Community members expressed relief and optimism.,Grace Achieng,2021-04-26,https://example-news.test/health/1474
1268,HEALTH,The outbreak earns widespread praise for smooth rollout,Officials and observers alike called it a turning point.,Aisha Bello,2023-09-18,https://example-news.test/health/1268
1471,TECH,The new smartphone brings hope to thousands amid tough year,Officials and observers alike called it a turning point.,Chen Wei,2021-08-28,https://example-news.test/tech/1471
1333,HEALTH,"The mental health program exceeds expectations, boosting confidence nationwide",Community members expressed relief and optimism.,James Whitfield,2023-02-20,https://example-news.test/health/1333
1002,ENVIRONMENT,The wildfire response faces backlash after chaotic week,Critics say more accountability is needed going forward.,James Whitfield,2023-06-15,https://example-news.test/environment/1002
1441,BUSINESS,What to know about quarterly earnings this week,Further details are expected to be released soon.,Elena Petrova,2021-01-11,https://example-news.test/business/1441
1084,SCIENCE,The fossil discovery responds to questions about recent changes,A formal announcement is expected in the coming days.,Elena Petrova,2021-08-02,https://example-news.test/science/1084
1384,BUSINESS,The merger responds to questions about recent changes,Officials say more information will follow shortly.,James Whitfield,2024-05-14,https://example-news.test/business/1384
1009,ENTERTAINMENT,What to know about the film festival this week,"The situation is still developing, sources say.",Chen Wei,2026-02-01,https://example-news.test/entertainment/1009
1006,BUSINESS,A closer look at the startup and what comes next,A formal announcement is expected in the coming days.,Elena Petrova,2026-02-25,https://example-news.test/business/1006
1507,POLITICS,The election commission sparks outrage over controversial decision,Critics say more accountability is needed going forward.,Lukas Berg,2022-09-05,https://example-news.test/politics/1507
1508,TECH,The social platform struggles as setbacks pile up,Critics say more accountability is needed going forward.,Grace Achieng,2022-02-18,https://example-news.test/tech/1508
1451,TECH,"The robotics lab delivers surprising win, and experts are impressed",Analysts say the momentum could carry into next year.,David Kim,2025-08-19,https://example-news.test/tech/1451
1125,SPORTS,"The league suffers major setback, raising fresh concerns",It is the latest in a string of difficult headlines.,Maria Alvarez,2023-04-14,https://example-news.test/sports/1125
1139,HEALTH,The mental health program responds to questions about recent changes,A formal announcement is expected in the coming days.,Grace Achieng,2021-10-08,https://example-news.test/health/1139
1144,BUSINESS,Quarterly earnings to hold public briefing on Thursday,"The situation is still developing, sources say.",Grace Achieng,2022-08-10,https://example-news.test/business/1144
1307,WORLD NEWS,A closer look at the trade summit and what comes next,A formal announcement is expected in the coming days.,Chen Wei,2025-01-12,https://example-news.test/world-news/1307
1398,SCIENCE,"The telescope suffers major setback, raising fresh concerns",It is the latest in a string of difficult headlines.,Priya Natarajan,2021-12-05,https://example-news.test/science/1398
1254,ENVIRONMENT,The drought celebrates historic breakthrough this week,Analysts say the momentum could carry into next year.,Elena Petrova,2022-12-15,https://example-news.test/environment/1254
1469,SCIENCE,The space mission disappoints critics with underwhelming results,Critics say more accountability is needed going forward.,Lukas Berg,2025-01-10,https://example-news.test/science/1469
1454,SPORTS,The star striker earns widespread praise for smooth rollout,The results were better than most had forecast.,Elena Petrova,2024-08-29,https://example-news.test/sports/1454
1222,ENTERTAINMENT,The film festival criticized for lack of transparency,Critics say more accountability is needed going forward.,Elena Petrova,2022-05-26,https://example-news.test/entertainment/1222
1107,ENTERTAINMENT,The box office hit hits new milestone after years of hard work,The results were better than most had forecast.,Sofia Rossi,2021-10-31,https://example-news.test/entertainment/1107
1229,TECH,The social platform schedules review after routine inspection,A formal announcement is expected in the coming days.,Chen Wei,2023-09-01,https://example-news.test/tech/1229
1041,ENTERTAINMENT,The streaming series criticized for lack of transparency,The fallout has raised questions about what happens next.,Chen Wei,2025-06-10,https://example-news.test/entertainment/1041
1016,HEALTH,The hospital network releases new report on recent activity,"The situation is still developing, sources say.",James Whitfield,2021-07-12,https://example-news.test/health/1016
1291,WORLD NEWS,"The trade summit hit by delays, leaving many frustrated",Several stakeholders called for an immediate review.,James Whitfield,2025-04-05,https://example-news.test/world-news/1291
1194,TECH,The AI startup disappoints critics with underwhelming results,Several stakeholders called for an immediate review.,James Whitfield,2025-06-15,https://example-news.test/tech/1194
1043,WORLD NEWS,What to know about the humanitarian aid effort this week,A formal announcement is expected in the coming days.,David Kim,2023-05-24,https://example-news.test/world-news/1043
1231,WORLD NEWS,The humanitarian aid effort disappoints critics with underwhelming results,The fallout has raised questions about what happens next.,Chen Wei,2025-10-25,https://example-news.test/world-news/1231
1123,ENVIRONMENT,The wildfire response criticized for lack of transparency,Several stakeholders called for an immediate review.,Aisha Bello,2022-04-20,https://example-news.test/environment/1123
1099,WORLD NEWS,The peace talks brings hope to thousands amid tough year,The results were better than most had forecast.,Elena Petrova,2023-09-24,https://example-news.test/world-news/1099
1473,SPORTS,The star striker faces backlash after chaotic week,The fallout has raised questions about what happens next.,Grace Achieng,2025-05-10,https://example-news.test/sports/1473
1343,TECH,The AI startup responds to questions about recent changes,Further details are expected to be released soon.,David Kim,2021-08-29,https://example-news.test/tech/1343
1289,ENVIRONMENT,A closer look at the coral reef project and what comes next,"The situation is still developing, sources say.",Tom O'Malley,2023-10-07,https://example-news.test/environment/1289
1309,ENVIRONMENT,What to know about the reforestation effort this week,Officials say more information will follow shortly.,Aisha Bello,2023-06-24,https://example-news.test/environment/1309
1169,TECH,The new smartphone faces backlash after chaotic week,The fallout has raised questions about what happens next.,Maria Alvarez,2025-01-07,https://example-news.test/tech/1169
1047,EDUCATION,The university to hold public briefing on Thursday,Officials say more information will follow shortly.,David Kim,2026-06-25,https://example-news.test/education/1047
1499,TECH,"The chip shortage exceeds expectations, boosting confidence nationwide",The results were better than most had forecast.,Chen Wei,2023-07-16,https://example-news.test/tech/1499
1096,HEALTH,The hospital network criticized for lack of transparency,Several stakeholders called for an immediate review.,Aisha Bello,2024-02-20,https://example-news.test/health/1096
1189,TECH,The social platform hits new milestone after years of hard work,Community members expressed relief and optimism.,Sofia Rossi,2025-10-03,https://example-news.test/tech/1189
1282,EDUCATION,The scholarship fund faces backlash after chaotic week,Several stakeholders called for an immediate review.,Aisha Bello,2022-03-25,https://example-news.test/education/1282
1341,HEALTH,The hospital network disappoints critics with underwhelming results,It is the latest in a string of difficult headlines.,David Kim,2024-10-14,https://example-news.test/health/1341
1113,WORLD NEWS,"The ceasefire hit by delays, leaving many frustrated",Critics say more accountability is needed going forward.,Tom O'Malley,2024-03-26,https://example-news.test/world-news/1113
1211,BUSINESS,How the startup turned things around and inspired a nation,Community members expressed relief and optimism.,Chen Wei,2022-09-08,https://example-news.test/business/1211
1383,HEALTH,The wellness study disappoints critics with underwhelming results,It is the latest in a string of difficult headlines.,Aisha Bello,2026-05-05,https://example-news.test/health/1383
1044,ENVIRONMENT,The coral reef project earns widespread praise for smooth rollout,Officials and observers alike called it a turning point.,Tom O'Malley,2025-02-22,https://example-news.test/environment/1044
1502,ENVIRONMENT,The reforestation effort responds to questions about recent changes,Further details are expected to be released soon.,Sofia Rossi,2024-05-09,https://example-news.test/environment/1502
1500,ENTERTAINMENT,The awards show hits new milestone after years of hard work,Officials and observers alike called it a turning point.,Noah Fischer,2024-11-09,https://example-news.test/entertainment/1500
1270,ENTERTAINMENT,The box office hit schedules review after routine inspection,Further details are expected to be released soon.,Priya Natarajan,2024-09-03,https://example-news.test/entertainment/1270
1294,ENVIRONMENT,A closer look at the coral reef project and what comes next,Further details are expected to be released soon.,James Whitfield,2023-09-08,https://example-news.test/environment/1294
1283,SCIENCE,"The lab breakthrough delivers surprising win, and experts are impressed",The results were better than most had forecast.,Chen Wei,2023-07-22,https://example-news.test/science/1283
1110,WORLD NEWS,How the border dispute turned things around and inspired a nation,Community members expressed relief and optimism.,Grace Achieng,2021-09-04,https://example-news.test/world-news/1110
1081,TECH,The chip shortage announces plans for next quarter,"The situation is still developing, sources say.",Grace Achieng,2021-04-22,https://example-news.test/tech/1081
1338,ENTERTAINMENT,"The album release suffers major setback, raising fresh concerns",It is the latest in a string of difficult headlines.,James Whitfield,2026-04-08,https://example-news.test/entertainment/1338
1075,BUSINESS,The retail chain celebrates historic breakthrough this week,Community members expressed relief and optimism.,Aisha Bello,2021-11-27,https://example-news.test/business/1075
1206,HEALTH,The wellness study hits new milestone after years of hard work,The results were better than most had forecast.,Sofia Rossi,2021-06-18,https://example-news.test/health/1206
1045,ENTERTAINMENT,"The streaming series hit by delays, leaving many frustrated",Critics say more accountability is needed going forward.,Noah Fischer,2024-05-11,https://example-news.test/entertainment/1045
1512,SPORTS,A closer look at the national team and what comes next,Officials say more information will follow shortly.,Maria Alvarez,2024-10-15,https://example-news.test/sports/1512
1013,POLITICS,The president struggles as setbacks pile up,The fallout has raised questions about what happens next.,Grace Achieng,2024-07-12,https://example-news.test/politics/1013
1119,SPORTS,The rookie player announces plans for next quarter,Officials say more information will follow shortly.,Grace Achieng,2021-06-14,https://example-news.test/sports/1119
1414,POLITICS,"The Senate suffers major setback, raising fresh concerns",Critics say more accountability is needed going forward.,James Whitfield,2022-10-10,https://example-news.test/politics/1414
1429,ENVIRONMENT,The wildfire response outlines next steps in official statement,Further details are expected to be released soon.,Lukas Berg,2025-09-20,https://example-news.test/environment/1429
1310,SPORTS,"The championship suffers major setback, raising fresh concerns",Several stakeholders called for an immediate review.,Lukas Berg,2026-04-13,https://example-news.test/sports/1310
1355,ENTERTAINMENT,The awards show faces backlash after chaotic week,The fallout has raised questions about what happens next.,Aisha Bello,2021-03-06,https://example-news.test/entertainment/1355
1306,WORLD NEWS,The trade summit announces plans for next quarter,Officials say more information will follow shortly.,Lukas Berg,2023-08-23,https://example-news.test/world-news/1306
1386,SPORTS,"The league praised for bold, forward-thinking approach",Community members expressed relief and optimism.,David Kim,2025-10-13,https://example-news.test/sports/1386
1470,WORLD NEWS,The humanitarian aid effort outlines next steps in official statement,Officials say more information will follow shortly.,Lukas Berg,2024-01-13,https://example-news.test/world-news/1470
1186,TECH,The AI startup sparks outrage over controversial decision,Critics say more accountability is needed going forward.,Priya Natarajan,2021-05-06,https://example-news.test/tech/1186
1433,ENTERTAINMENT,The film festival brings hope to thousands amid tough year,Analysts say the momentum could carry into next year.,David Kim,2024-08-31,https://example-news.test/entertainment/1433
1228,WORLD NEWS,The humanitarian aid effort hits new milestone after years of hard work,Officials and observers alike called it a turning point.,Chen Wei,2023-06-03,https://example-news.test/world-news/1228
1290,ENTERTAINMENT,The awards show celebrates historic breakthrough this week,Community members expressed relief and optimism.,Elena Petrova,2023-04-30,https://example-news.test/entertainment/1290
1039,TECH,The new smartphone disappoints critics with underwhelming results,It is the latest in a string of difficult headlines.,James Whitfield,2023-10-06,https://example-news.test/tech/1039
1127,BUSINESS,The stock market to hold public briefing on Thursday,Further details are expected to be released soon.,Chen Wei,2021-02-26,https://example-news.test/business/1127
1401,EDUCATION,The school district earns widespread praise for smooth rollout,Officials and observers alike called it a turning point.,Elena Petrova,2025-12-13,https://example-news.test/education/1401
1147,EDUCATION,The scholarship fund sparks outrage over controversial decision,Several stakeholders called for an immediate review.,Sofia Rossi,2024-05-22,https://example-news.test/education/1147
1517,TECH,The social platform announces plans for next quarter,Further details are expected to be released soon.,Tom O'Malley,2023-04-03,https://example-news.test/tech/1517
1023,EDUCATION,"The school district exceeds expectations, boosting confidence nationwide",Officials and observers alike called it a turning point.,David Kim,2022-05-31,https://example-news.test/education/1023
1379,HEALTH,The hospital network faces backlash after chaotic week,It is the latest in a string of difficult headlines.,Aisha Bello,2025-10-30,https://example-news.test/health/1379
1461,ENVIRONMENT,The reforestation effort struggles as setbacks pile up,It is the latest in a string of difficult headlines.,James Whitfield,2022-07-27,https://example-news.test/environment/1461
1001,BUSINESS,The stock market to hold public briefing on Thursday,Further details are expected to be released soon.,Priya Natarajan,2022-02-24,https://example-news.test/business/1001
1438,TECH,A closer look at the robotics lab and what comes next,A formal announcement is expected in the coming days.,Maria Alvarez,2024-10-04,https://example-news.test/tech/1438
1277,ENVIRONMENT,A closer look at the recycling initiative and what comes next,A formal announcement is expected in the coming days.,Priya Natarajan,2022-02-01,https://example-news.test/environment/1277
1431,POLITICS,"The president delivers surprising win, and experts are impressed",The results were better than most had forecast.,David Kim,2024-03-19,https://example-news.test/politics/1431
1361,BUSINESS,Quarterly earnings brings hope to thousands amid tough year,Officials and observers alike called it a turning point.,James Whitfield,2024-01-03,https://example-news.test/business/1361
1054,TECH,The chip shortage earns widespread praise for smooth rollout,The results were better than most had forecast.,Noah Fischer,2023-10-14,https://example-news.test/tech/1054
1319,WORLD NEWS,"The border dispute under fire for costly, avoidable mistake",Several stakeholders called for an immediate review.,James Whitfield,2023-01-02,https://example-news.test/world-news/1319
1252,WORLD NEWS,The refugee crisis hits new milestone after years of hard work,The results were better than most had forecast.,Priya Natarajan,2025-12-29,https://example-news.test/world-news/1252
1285,POLITICS,What to know about the coalition government this week,Further details are expected to be released soon.,Maria Alvarez,2025-12-12,https://example-news.test/politics/1285
1458,ENTERTAINMENT,The film festival celebrates historic breakthrough this week,Officials and observers alike called it a turning point.,Tom O'Malley,2024-09-04,https://example-news.test/entertainment/1458
1076,TECH,"The AI startup praised for bold, forward-thinking approach",Analysts say the momentum could carry into next year.,James Whitfield,2025-08-27,https://example-news.test/tech/1076
1105,POLITICS,"The coalition government praised for bold, forward-thinking approach",The results were better than most had forecast.,James Whitfield,2021-02-20,https://example-news.test/politics/1105
1181,EDUCATION,The online learning platform struggles as setbacks pile up,It is the latest in a string of difficult headlines.,Aisha Bello,2025-09-29,https://example-news.test/education/1181
1092,BUSINESS,The merger responds to questions about recent changes,Further details are expected to be released soon.,Lukas Berg,2022-12-23,https://example-news.test/business/1092
1478,TECH,"The software update praised for bold, forward-thinking approach",Analysts say the momentum could carry into next year.,James Whitfield,2025-02-03,https://example-news.test/tech/1478
1237,TECH,"The AI startup exceeds expectations, boosting confidence nationwide",Officials and observers alike called it a turning point.,Chen Wei,2023-04-06,https://example-news.test/tech/1237
1230,ENTERTAINMENT,How the film festival turned things around and inspired a nation,The results were better than most had forecast.,James Whitfield,2022-03-31,https://example-news.test/entertainment/1230
1453,SCIENCE,The research team faces backlash after chaotic week,It is the latest in a string of difficult headlines.,Noah Fischer,2022-06-20,https://example-news.test/science/1453
1200,ENVIRONMENT,The drought earns widespread praise for smooth rollout,Community members expressed relief and optimism.,Elena Petrova,2022-08-28,https://example-news.test/environment/1200
1052,ENTERTAINMENT,The album release announces plans for next quarter,Officials say more information will follow shortly.,Tom O'Malley,2023-10-20,https://example-news.test/entertainment/1052
1382,BUSINESS,The startup struggles as setbacks pile up,Critics say more accountability is needed going forward.,Elena Petrova,2022-08-04,https://example-news.test/business/1382
1515,EDUCATION,"The teacher shortage exceeds expectations, boosting confidence nationwide",Analysts say the momentum could carry into next year.,Lukas Berg,2026-06-08,https://example-news.test/education/1515
1301,ENTERTAINMENT,The awards show criticized for lack of transparency,Several stakeholders called for an immediate review.,Sofia Rossi,2026-07-17,https://example-news.test/entertainment/1301
1348,POLITICS,The coalition government schedules review after routine inspection,Further details are expected to be released soon.,James Whitfield,2022-01-30,https://example-news.test/politics/1348
1201,SPORTS,The national team brings hope to thousands amid tough year,Analysts say the momentum could carry into next year.,Grace Achieng,2022-09-19,https://example-news.test/sports/1201
1480,HEALTH,The hospital network schedules review after routine inspection,"The situation is still developing, sources say.",Noah Fischer,2024-07-23,https://example-news.test/health/1480
1073,SCIENCE,"The lab breakthrough under fire for costly, avoidable mistake",It is the latest in a string of difficult headlines.,Sofia Rossi,2023-11-28,https://example-news.test/science/1073
1031,WORLD NEWS,The ceasefire hits new milestone after years of hard work,Officials and observers alike called it a turning point.,Lukas Berg,2024-10-21,https://example-news.test/world-news/1031
1159,WORLD NEWS,The peace talks criticized for lack of transparency,The fallout has raised questions about what happens next.,Noah Fischer,2021-09-16,https://example-news.test/world-news/1159
1185,POLITICS,The new bill celebrates historic breakthrough this week,Community members expressed relief and optimism.,Aisha Bello,2021-01-26,https://example-news.test/politics/1185
1504,TECH,The AI startup to hold public briefing on Thursday,Further details are expected to be released soon.,Maria Alvarez,2025-10-01,https://example-news.test/tech/1504
1027,POLITICS,The coalition government disappoints critics with underwhelming results,Critics say more accountability is needed going forward.,James Whitfield,2021-08-30,https://example-news.test/politics/1027
1213,TECH,What to know about the social platform this week,Officials say more information will follow shortly.,David Kim,2025-03-23,https://example-news.test/tech/1213
1481,TECH,The robotics lab outlines next steps in official statement,Further details are expected to be released soon.,Noah Fischer,2022-12-20,https://example-news.test/tech/1481
1036,POLITICS,"Local lawmakers exceeds expectations, boosting confidence nationwide",Community members expressed relief and optimism.,Lukas Berg,2026-06-17,https://example-news.test/politics/1036
1249,EDUCATION,The university sparks outrage over controversial decision,Several stakeholders called for an immediate review.,Noah Fischer,2024-02-16,https://example-news.test/education/1249
1156,TECH,The AI startup schedules review after routine inspection,Officials say more information will follow shortly.,James Whitfield,2025-06-05,https://example-news.test/tech/1156
1360,WORLD NEWS,How the border dispute turned things around and inspired a nation,The results were better than most had forecast.,Priya Natarajan,2025-04-06,https://example-news.test/world-news/1360
1070,SCIENCE,"The climate model under fire for costly, avoidable mistake",Critics say more accountability is needed going forward.,James Whitfield,2025-10-08,https://example-news.test/science/1070
1369,HEALTH,The wellness study responds to questions about recent changes,Further details are expected to be released soon.,Sofia Rossi,2022-03-15,https://example-news.test/health/1369
1240,HEALTH,The wellness study earns widespread praise for smooth rollout,The results were better than most had forecast.,Lukas Berg,2025-12-07,https://example-news.test/health/1240
1026,WORLD NEWS,The humanitarian aid effort disappoints critics with underwhelming results,The fallout has raised questions about what happens next.,James Whitfield,2024-10-16,https://example-news.test/world-news/1026
1371,HEALTH,"The outbreak praised for bold, forward-thinking approach",Community members expressed relief and optimism.,Aisha Bello,2023-04-03,https://example-news.test/health/1371
1326,ENTERTAINMENT,The streaming series outlines next steps in official statement,Officials say more information will follow shortly.,Tom O'Malley,2024-05-21,https://example-news.test/entertainment/1326
1468,ENTERTAINMENT,"The box office hit suffers major setback, raising fresh concerns",Critics say more accountability is needed going forward.,James Whitfield,2024-02-20,https://example-news.test/entertainment/1468
1302,TECH,The social platform disappoints critics with underwhelming results,Critics say more accountability is needed going forward.,Aisha Bello,2022-10-28,https://example-news.test/tech/1302
1424,SCIENCE,The lab breakthrough to hold public briefing on Thursday,A formal announcement is expected in the coming days.,James Whitfield,2022-07-28,https://example-news.test/science/1424
1281,TECH,A closer look at the chip shortage and what comes next,Officials say more information will follow shortly.,David Kim,2026-06-30,https://example-news.test/tech/1281
1178,SCIENCE,How the telescope turned things around and inspired a nation,Community members expressed relief and optimism.,Noah Fischer,2023-11-11,https://example-news.test/science/1178
1475,HEALTH,The clinical trial disappoints critics with underwhelming results,It is the latest in a string of difficult headlines.,David Kim,2024-06-19,https://example-news.test/health/1475
1040,EDUCATION,The online learning platform hits new milestone after years of hard work,The results were better than most had forecast.,Noah Fischer,2024-07-19,https://example-news.test/education/1040
1180,BUSINESS,The merger earns widespread praise for smooth rollout,Analysts say the momentum could carry into next year.,David Kim,2021-09-03,https://example-news.test/business/1180
1122,TECH,"The software update suffers major setback, raising fresh concerns",Several stakeholders called for an immediate review.,Noah Fischer,2025-06-29,https://example-news.test/tech/1122
1065,SCIENCE,A closer look at the lab breakthrough and what comes next,Officials say more information will follow shortly.,Tom O'Malley,2025-10-27,https://example-news.test/science/1065
1399,EDUCATION,The school district to hold public briefing on Thursday,Officials say more information will follow shortly.,Maria Alvarez,2024-01-31,https://example-news.test/education/1399
1032,BUSINESS,"The central bank exceeds expectations, boosting confidence nationwide",Analysts say the momentum could carry into next year.,Lukas Berg,2023-01-22,https://example-news.test/business/1032
1304,ENTERTAINMENT,The awards show to hold public briefing on Thursday,Further details are expected to be released soon.,Grace Achieng,2025-07-19,https://example-news.test/entertainment/1304
1376,TECH,The robotics lab celebrates historic breakthrough this week,Analysts say the momentum could carry into next year.,Elena Petrova,2025-09-30,https://example-news.test/tech/1376
1214,HEALTH,What to know about the hospital network this week,"The situation is still developing, sources say.",David Kim,2025-01-22,https://example-news.test/health/1214
1060,HEALTH,The mental health program schedules review after routine inspection,A formal announcement is expected in the coming days.,Lukas Berg,2023-02-18,https://example-news.test/health/1060
1261,SPORTS,A closer look at the star striker and what comes next,A formal announcement is expected in the coming days.,Chen Wei,2023-03-16,https://example-news.test/sports/1261
1503,BUSINESS,The merger announces plans for next quarter,Further details are expected to be released soon.,James Whitfield,2026-01-14,https://example-news.test/business/1503
1448,SPORTS,The rookie player to hold public briefing on Thursday,Further details are expected to be released soon.,Maria Alvarez,2025-08-07,https://example-news.test/sports/1448
1460,ENTERTAINMENT,The album release releases new report on recent activity,A formal announcement is expected in the coming days.,Lukas Berg,2026-01-27,https://example-news.test/entertainment/1460
1025,SPORTS,The league to hold public briefing on Thursday,Officials say more information will follow shortly.,Lukas Berg,2025-03-10,https://example-news.test/sports/1025
1131,BUSINESS,The startup schedules review after routine inspection,Officials say more information will follow shortly.,David Kim,2023-12-31,https://example-news.test/business/1131
1476,TECH,"The chip shortage delivers surprising win, and experts are impressed",Analysts say the momentum could carry into next year.,Grace Achieng,2023-06-16,https://example-news.test/tech/1476
1311,ENVIRONMENT,The reforestation effort to hold public briefing on Thursday,A formal announcement is expected in the coming days.,David Kim,2026-01-04,https://example-news.test/environment/1311
1188,TECH,The software update earns widespread praise for smooth rollout,Officials and observers alike called it a turning point.,Maria Alvarez,2022-09-30,https://example-news.test/tech/1188
1064,ENVIRONMENT,How the clean energy plan turned things around and inspired a nation,Analysts say the momentum could carry into next year.,Grace Achieng,2024-05-17,https://example-news.test/environment/1064
1331,ENTERTAINMENT,"The reunion tour exceeds expectations, boosting confidence nationwide",Officials and observers alike called it a turning point.,David Kim,2025-08-18,https://example-news.test/entertainment/1331
1259,ENVIRONMENT,"The coral reef project praised for bold, forward-thinking approach",Analysts say the momentum could carry into next year.,Lukas Berg,2026-08-22,https://example-news.test/environment/1259
1012,ENTERTAINMENT,The reunion tour to hold public briefing on Thursday,Officials say more information will follow shortly.,Maria Alvarez,2023-07-28,https://example-news.test/entertainment/1012
1109,BUSINESS,How the central bank turned things around and inspired a nation,Analysts say the momentum could carry into next year.,David Kim,2025-04-08,https://example-news.test/business/1109
1494,ENTERTAINMENT,"The album release delivers surprising win, and experts are impressed",The results were better than most had forecast.,Grace Achieng,2026-07-04,https://example-news.test/entertainment/1494
1374,EDUCATION,"The university under fire for costly, avoidable mistake",Critics say more accountability is needed going forward.,Elena Petrova,2026-03-06,https://example-news.test/education/1374
1117,ENTERTAINMENT,"The reunion tour hit by delays, leaving many frustrated",It is the latest in a string of difficult headlines.,Sofia Rossi,2021-11-26,https://example-news.test/entertainment/1117
1303,WORLD NEWS,"The ceasefire praised for bold, forward-thinking approach",Officials and observers alike called it a turning point.,Elena Petrova,2024-10-12,https://example-news.test/world-news/1303
1316,POLITICS,"Local lawmakers delivers surprising win, and experts are impressed",Analysts say the momentum could carry into next year.,Grace Achieng,2021-10-27,https://example-news.test/politics/1316
1085,HEALTH,The hospital network faces backlash after chaotic week,Critics say more accountability is needed going forward.,Tom O'Malley,2023-03-28,https://example-news.test/health/1085
1435,SPORTS,How the national team turned things around and inspired a nation,Officials and observers alike called it a turning point.,Sofia Rossi,2021-08-14,https://example-news.test/sports/1435
1516,ENVIRONMENT,The coral reef project releases new report on recent activity,A formal announcement is expected in the coming days.,Chen Wei,2025-07-11,https://example-news.test/environment/1516
1322,WORLD NEWS,The trade summit brings hope to thousands amid tough year,Officials and observers alike called it a turning point.,Maria Alvarez,2025-09-14,https://example-news.test/world-news/1322
1397,HEALTH,The new vaccine disappoints critics with underwhelming results,It is the latest in a string of difficult headlines.,David Kim,2026-07-21,https://example-news.test/health/1397
1069,POLITICS,What to know about the new bill this week,"The situation is still developing, sources say.",Lukas Berg,2023-03-08,https://example-news.test/politics/1069
1359,SPORTS,The national team sparks outrage over controversial decision,Several stakeholders called for an immediate review.,Maria Alvarez,2024-01-25,https://example-news.test/sports/1359
1445,POLITICS,"The new bill delivers surprising win, and experts are impressed",The results were better than most had forecast.,James Whitfield,2026-03-21,https://example-news.test/politics/1445
1269,WORLD NEWS,The peace talks brings hope to thousands amid tough year,Analysts say the momentum could carry into next year.,James Whitfield,2021-07-27,https://example-news.test/world-news/1269
1495,TECH,The new smartphone sparks outrage over controversial decision,Critics say more accountability is needed going forward.,Chen Wei,2026-05-22,https://example-news.test/tech/1495
1234,SCIENCE,"The fossil discovery delivers surprising win, and experts are impressed",Community members expressed relief and optimism.,James Whitfield,2024-11-13,https://example-news.test/science/1234
1149,EDUCATION,A closer look at the scholarship fund and what comes next,A formal announcement is expected in the coming days.,Noah Fischer,2025-06-10,https://example-news.test/education/1149
1498,BUSINESS,"The retail chain under fire for costly, avoidable mistake",Several stakeholders called for an immediate review.,Lukas Berg,2025-02-22,https://example-news.test/business/1498
1024,TECH,"The robotics lab under fire for costly, avoidable mistake",Several stakeholders called for an immediate review.,David Kim,2025-09-30,https://example-news.test/tech/1024
1034,POLITICS,The election commission announces plans for next quarter,A formal announcement is expected in the coming days.,Tom O'Malley,2022-11-13,https://example-news.test/politics/1034
1086,POLITICS,"The coalition government praised for bold, forward-thinking approach",The results were better than most had forecast.,Noah Fischer,2022-04-14,https://example-news.test/politics/1086
1484,EDUCATION,The university struggles as setbacks pile up,It is the latest in a string of difficult headlines.,Priya Natarajan,2024-09-18,https://example-news.test/education/1484
1258,SCIENCE,The lab breakthrough earns widespread praise for smooth rollout,Officials and observers alike called it a turning point.,Sofia Rossi,2026-03-24,https://example-news.test/science/1258
1313,EDUCATION,The online learning platform earns widespread praise for smooth rollout,The results were better than most had forecast.,James Whitfield,2023-04-22,https://example-news.test/education/1313
1462,BUSINESS,The stock market brings hope to thousands amid tough year,Analysts say the momentum could carry into next year.,Tom O'Malley,2025-06-29,https://example-news.test/business/1462
1465,BUSINESS,The stock market announces plans for next quarter,Further details are expected to be released soon.,Grace Achieng,2025-11-10,https://example-news.test/business/1465
1160,WORLD NEWS,How the ceasefire turned things around and inspired a nation,Officials and observers alike called it a turning point.,Priya Natarajan,2021-07-05,https://example-news.test/world-news/1160
1177,SCIENCE,The climate model schedules review after routine inspection,Officials say more information will follow shortly.,Sofia Rossi,2025-06-22,https://example-news.test/science/1177
1510,EDUCATION,"The online learning platform under fire for costly, avoidable mistake",Several stakeholders called for an immediate review.,Lukas Berg,2022-08-13,https://example-news.test/education/1510
1128,ENVIRONMENT,The recycling initiative hits new milestone after years of hard work,The results were better than most had forecast.,James Whitfield,2022-09-23,https://example-news.test/environment/1128
1452,HEALTH,What to know about the outbreak this week,A formal announcement is expected in the coming days.,David Kim,2022-07-01,https://example-news.test/health/1452
1010,HEALTH,The hospital network disappoints critics with underwhelming results,Several stakeholders called for an immediate review.,Elena Petrova,2021-10-20,https://example-news.test/health/1010
1406,HEALTH,The mental health program celebrates historic breakthrough this week,Officials and observers alike called it a turning point.,Priya Natarajan,2025-08-13,https://example-news.test/health/1406
1449,POLITICS,The new bill faces backlash after chaotic week,Several stakeholders called for an immediate review.,Maria Alvarez,2025-03-22,https://example-news.test/politics/1449
1165,ENVIRONMENT,The reforestation effort sparks outrage over controversial decision,Several stakeholders called for an immediate review.,Tom O'Malley,2022-05-16,https://example-news.test/environment/1165
1008,EDUCATION,The scholarship fund struggles as setbacks pile up,Critics say more accountability is needed going forward.,Noah Fischer,2023-07-23,https://example-news.test/education/1008
1456,TECH,"The new smartphone exceeds expectations, boosting confidence nationwide",Community members expressed relief and optimism.,Lukas Berg,2022-05-10,https://example-news.test/tech/1456
1345,TECH,"The robotics lab praised for bold, forward-thinking approach",Officials and observers alike called it a turning point.,Tom O'Malley,2026-02-11,https://example-news.test/tech/1345
1501,ENVIRONMENT,The recycling initiative to hold public briefing on Thursday,A formal announcement is expected in the coming days.,Lukas Berg,2025-09-11,https://example-news.test/environment/1501
1020,ENVIRONMENT,The clean energy plan struggles as setbacks pile up,Several stakeholders called for an immediate review.,Noah Fischer,2023-03-26,https://example-news.test/environment/1020
1329,POLITICS,The president schedules review after routine inspection,Officials say more information will follow shortly.,Elena Petrova,2025-09-02,https://example-news.test/politics/1329
1197,POLITICS,"The president exceeds expectations, boosting confidence nationwide",Community members expressed relief and optimism.,James Whitfield,2025-11-24,https://example-news.test/politics/1197
1245,EDUCATION,"The tuition hike delivers surprising win, and experts are impressed",Officials and observers alike called it a turning point.,Noah Fischer,2025-07-22,https://example-news.test/education/1245
1317,POLITICS,Local lawmakers struggles as setbacks pile up,Critics say more accountability is needed going forward.,James Whitfield,2026-04-18,https://example-news.test/politics/1317
1425,BUSINESS,Quarterly earnings outlines next steps in official statement,"The situation is still developing, sources say.",Aisha Bello,2022-07-27,https://example-news.test/business/1425
1513,ENTERTAINMENT,"The album release exceeds expectations, boosting confidence nationwide",Officials and observers alike called it a turning point.,Tom O'Malley,2022-07-05,https://example-news.test/entertainment/1513
1223,ENTERTAINMENT,A closer look at the film festival and what comes next,"The situation is still developing, sources say.",David Kim,2022-08-27,https://example-news.test/entertainment/1223
1315,ENVIRONMENT,The recycling initiative faces backlash after chaotic week,It is the latest in a string of difficult headlines.,Noah Fischer,2024-06-16,https://example-news.test/environment/1315
1067,ENVIRONMENT,The recycling initiative releases new report on recent activity,A formal announcement is expected in the coming days.,Chen Wei,2024-10-04,https://example-news.test/environment/1067
1377,SCIENCE,"The research team suffers major setback, raising fresh concerns",It is the latest in a string of difficult headlines.,David Kim,2025-09-10,https://example-news.test/science/1377
1251,ENVIRONMENT,The wildfire response celebrates historic breakthrough this week,The results were better than most had forecast.,Tom O'Malley,2024-03-15,https://example-news.test/environment/1251
1082,BUSINESS,"The retail chain suffers major setback, raising fresh concerns",The fallout has raised questions about what happens next.,Maria Alvarez,2023-12-02,https://example-news.test/business/1082
1296,SCIENCE,What to know about the fossil discovery this week,Further details are expected to be released soon.,Maria Alvarez,2022-10-09,https://example-news.test/science/1296
1087,EDUCATION,"The university hit by delays, leaving many frustrated",Several stakeholders called for an immediate review.,Priya Natarajan,2022-04-15,https://example-news.test/education/1087
1108,EDUCATION,The teacher shortage releases new report on recent activity,Further details are expected to be released soon.,Grace Achieng,2024-05-29,https://example-news.test/education/1108
1479,BUSINESS,The startup schedules review after routine inspection,A formal announcement is expected in the coming days.,Aisha Bello,2024-05-21,https://example-news.test/business/1479
1232,POLITICS,The coalition government sparks outrage over controversial decision,The fallout has raised questions about what happens next.,Noah Fischer,2021-12-17,https://example-news.test/politics/1232
1003,SPORTS,The league disappoints critics with underwhelming results,It is the latest in a string of difficult headlines.,Tom O'Malley,2026-01-14,https://example-news.test/sports/1003
1457,ENVIRONMENT,The coral reef project to hold public briefing on Thursday,"The situation is still developing, sources say.",Chen Wei,2026-03-13,https://example-news.test/environment/1457
1362,TECH,The chip shortage releases new report on recent activity,"The situation is still developing, sources say.",Aisha Bello,2025-01-17,https://example-news.test/tech/1362
1161,POLITICS,What to know about the president this week,A formal announcement is expected in the coming days.,Tom O'Malley,2022-07-10,https://example-news.test/politics/1161
1091,HEALTH,The new vaccine criticized for lack of transparency,Critics say more accountability is needed going forward.,Lukas Berg,2026-07-01,https://example-news.test/health/1091
1324,WORLD NEWS,The humanitarian aid effort announces plans for next quarter,Further details are expected to be released soon.,Elena Petrova,2021-07-01,https://example-news.test/world-news/1324
1171,SCIENCE,The lab breakthrough hits new milestone after years of hard work,The results were better than most had forecast.,Sofia Rossi,2025-01-22,https://example-news.test/science/1171
1250,SPORTS,"The national team praised for bold, forward-thinking approach",The results were better than most had forecast.,David Kim,2025-05-05,https://example-news.test/sports/1250
1042,TECH,"The robotics lab suffers major setback, raising fresh concerns",Several stakeholders called for an immediate review.,James Whitfield,2021-02-08,https://example-news.test/tech/1042
1390,EDUCATION,The school district releases new report on recent activity,Officials say more information will follow shortly.,Aisha Bello,2023-03-19,https://example-news.test/education/1390
1162,SCIENCE,The climate model sparks outrage over controversial decision,The fallout has raised questions about what happens next.,Lukas Berg,2022-02-10,https://example-news.test/science/1162
1074,SPORTS,"The rookie player exceeds expectations, boosting confidence nationwide",Analysts say the momentum could carry into next year.,Chen Wei,2025-12-07,https://example-news.test/sports/1074
1235,SPORTS,The rookie player struggles as setbacks pile up,Several stakeholders called for an immediate review.,Priya Natarajan,2021-07-01,https://example-news.test/sports/1235
1518,POLITICS,"The new bill delivers surprising win, and experts are impressed",Community members expressed relief and optimism.,Elena Petrova,2023-03-27,https://example-news.test/politics/1518
1505,BUSINESS,"The retail chain under fire for costly, avoidable mistake",Several stakeholders called for an immediate review.,Aisha Bello,2021-10-02,https://example-news.test/business/1505
1405,SPORTS,The championship outlines next steps in official statement,Officials say more information will follow shortly.,Grace Achieng,2022-11-21,https://example-news.test/sports/1405
1103,ENTERTAINMENT,"The reunion tour hit by delays, leaving many frustrated",Critics say more accountability is needed going forward.,Tom O'Malley,2024-04-28,https://example-news.test/entertainment/1103
1071,SPORTS,The championship responds to questions about recent changes,A formal announcement is expected in the coming days.,David Kim,2023-10-18,https://example-news.test/sports/1071
1078,SCIENCE,The lab breakthrough announces plans for next quarter,"The situation is still developing, sources say.",Sofia Rossi,2021-01-25,https://example-news.test/science/1078
1408,HEALTH,The hospital network schedules review after routine inspection,"The situation is still developing, sources say.",Priya Natarajan,2024-01-06,https://example-news.test/health/1408
1212,HEALTH,"The new vaccine under fire for costly, avoidable mistake",Several stakeholders called for an immediate review.,Chen Wei,2025-05-25,https://example-news.test/health/1212
1436,ENTERTAINMENT,The reunion tour releases new report on recent activity,A formal announcement is expected in the coming days.,Maria Alvarez,2022-07-17,https://example-news.test/entertainment/1436
1272,WORLD NEWS,The trade summit struggles as setbacks pile up,It is the latest in a string of difficult headlines.,David Kim,2026-02-16,https://example-news.test/world-news/1272
1196,EDUCATION,The tuition hike schedules review after routine inspection,Officials say more information will follow shortly.,James Whitfield,2025-07-18,https://example-news.test/education/1196
1385,POLITICS,The election commission earns widespread praise for smooth rollout,Officials and observers alike called it a turning point.,Noah Fischer,2022-11-05,https://example-news.test/politics/1385
1062,BUSINESS,The retail chain outlines next steps in official statement,A formal announcement is expected in the coming days.,Elena Petrova,2024-05-15,https://example-news.test/business/1062
1257,EDUCATION,How the school district turned things around and inspired a nation,The results were better than most had forecast.,David Kim,2025-08-10,https://example-news.test/education/1257
1100,ENTERTAINMENT,"The reunion tour suffers major setback, raising fresh concerns",Several stakeholders called for an immediate review.,Lukas Berg,2024-09-16,https://example-news.test/entertainment/1100
1387,WORLD NEWS,The refugee crisis releases new report on recent activity,Further details are expected to be released soon.,Noah Fischer,2025-11-06,https://example-news.test/world-news/1387
1037,TECH,"The AI startup delivers surprising win, and experts are impressed",Officials and observers alike called it a turning point.,Elena Petrova,2024-07-08,https://example-news.test/tech/1037
1318,POLITICS,"The president under fire for costly, avoidable mistake",It is the latest in a string of difficult headlines.,Aisha Bello,2025-04-16,https://example-news.test/politics/1318
1298,ENTERTAINMENT,"The album release delivers surprising win, and experts are impressed",Officials and observers alike called it a turning point.,Noah Fischer,2023-08-10,https://example-news.test/entertainment/1298
1409,SCIENCE,The climate model struggles as setbacks pile up,It is the latest in a string of difficult headlines.,David Kim,2024-02-14,https://example-news.test/science/1409
1325,SCIENCE,The climate model brings hope to thousands amid tough year,Officials and observers alike called it a turning point.,Priya Natarajan,2026-08-26,https://example-news.test/science/1325
1028,SPORTS,The national team outlines next steps in official statement,A formal announcement is expected in the coming days.,David Kim,2023-09-02,https://example-news.test/sports/1028
1241,SCIENCE,The fossil discovery responds to questions about recent changes,"The situation is still developing, sources say.",Aisha Bello,2023-12-29,https://example-news.test/science/1241
1061,ENTERTAINMENT,The film festival announces plans for next quarter,Further details are expected to be released soon.,Aisha Bello,2025-11-02,https://example-news.test/entertainment/1061
1238,POLITICS,The new bill outlines next steps in official statement,Officials say more information will follow shortly.,David Kim,2025-06-20,https://example-news.test/politics/1238
1389,SCIENCE,The research team to hold public briefing on Thursday,Officials say more information will follow shortly.,Elena Petrova,2021-09-14,https://example-news.test/science/1389
1463,HEALTH,The mental health program struggles as setbacks pile up,Several stakeholders called for an immediate review.,James Whitfield,2021-03-31,https://example-news.test/health/1463
1440,ENVIRONMENT,"The coral reef project praised for bold, forward-thinking approach",Community members expressed relief and optimism.,Priya Natarajan,2023-11-11,https://example-news.test/environment/1440
1191,HEALTH,"The outbreak exceeds expectations, boosting confidence nationwide",Community members expressed relief and optimism.,Maria Alvarez,2023-06-23,https://example-news.test/health/1191
1170,SPORTS,"The league praised for bold, forward-thinking approach",Community members expressed relief and optimism.,Maria Alvarez,2022-06-04,https://example-news.test/sports/1170
1216,SPORTS,The championship celebrates historic breakthrough this week,Officials and observers alike called it a turning point.,David Kim,2021-06-04,https://example-news.test/sports/1216
1158,EDUCATION,The tuition hike outlines next steps in official statement,A formal announcement is expected in the coming days.,Noah Fischer,2023-08-16,https://example-news.test/education/1158
1488,SCIENCE,The space mission responds to questions about recent changes,"The situation is still developing, sources say.",Aisha Bello,2025-03-18,https://example-news.test/science/1488
1182,POLITICS,The president criticized for lack of transparency,Critics say more accountability is needed going forward.,Grace Achieng,2023-05-22,https://example-news.test/politics/1182
1402,ENVIRONMENT,What to know about the clean energy plan this week,Further details are expected to be released soon.,Chen Wei,2021-05-13,https://example-news.test/environment/1402
1046,BUSINESS,The central bank hits new milestone after years of hard work,Analysts say the momentum could carry into next year.,Chen Wei,2024-02-29,https://example-news.test/business/1046
1418,SPORTS,The marathon struggles as setbacks pile up,Critics say more accountability is needed going forward.,Tom O'Malley,2026-05-08,https://example-news.test/sports/1418
1172,ENVIRONMENT,The drought brings hope to thousands amid tough year,Officials and observers alike called it a turning point.,Elena Petrova,2024-05-20,https://example-news.test/environment/1172
1422,TECH,The chip shortage releases new report on recent activity,Further details are expected to be released soon.,James Whitfield,2021-02-04,https://example-news.test/tech/1422
1094,HEALTH,What to know about the hospital network this week,Officials say more information will follow shortly.,Sofia Rossi,2023-09-26,https://example-news.test/health/1094
1287,POLITICS,The election commission brings hope to thousands amid tough year,Community members expressed relief and optimism.,Noah Fischer,2026-05-14,https://example-news.test/politics/1287
1404,SPORTS,The rookie player criticized for lack of transparency,It is the latest in a string of difficult headlines.,Priya Natarajan,2022-07-25,https://example-news.test/sports/1404
1427,ENTERTAINMENT,The streaming series disappoints critics with underwhelming results,It is the latest in a string of difficult headlines.,Chen Wei,2021-08-12,https://example-news.test/entertainment/1427
1380,BUSINESS,The stock market brings hope to thousands amid tough year,Analysts say the momentum could carry into next year.,Sofia Rossi,2025-03-13,https://example-news.test/business/1380
1066,EDUCATION,"The online learning platform suffers major setback, raising fresh concerns",It is the latest in a string of difficult headlines.,Sofia Rossi,2023-05-26,https://example-news.test/education/1066
1242,BUSINESS,The retail chain sparks outrage over controversial decision,The fallout has raised questions about what happens next.,David Kim,2024-04-18,https://example-news.test/business/1242
1050,ENVIRONMENT,The reforestation effort faces backlash after chaotic week,Critics say more accountability is needed going forward.,James Whitfield,2022-09-03,https://example-news.test/environment/1050
1151,EDUCATION,The scholarship fund brings hope to thousands amid tough year,Community members expressed relief and optimism.,Noah Fischer,2022-07-15,https://example-news.test/education/1151
1519,ENTERTAINMENT,The album release schedules review after routine inspection,A formal announcement is expected in the coming days.,Noah Fischer,2021-05-06,https://example-news.test/entertainment/1519
1286,HEALTH,The outbreak brings hope to thousands amid tough year,The results were better than most had forecast.,David Kim,2026-04-16,https://example-news.test/health/1286
1337,SCIENCE,"The space mission hit by delays, leaving many frustrated",It is the latest in a string of difficult headlines.,Sofia Rossi,2025-01-11,https://example-news.test/science/1337
1088,TECH,"The software update delivers surprising win, and experts are impressed",Community members expressed relief and optimism.,Grace Achieng,2025-03-18,https://example-news.test/tech/1088
1154,TECH,The social platform outlines next steps in official statement,Officials say more information will follow shortly.,Priya Natarajan,2023-11-19,https://example-news.test/tech/1154
1260,POLITICS,"The Senate hit by delays, leaving many frustrated",The fallout has raised questions about what happens next.,Priya Natarajan,2024-08-14,https://example-news.test/politics/1260
1184,BUSINESS,The startup sparks outrage over controversial decision,Critics say more accountability is needed going forward.,Grace Achieng,2024-01-01,https://example-news.test/business/1184
1344,ENVIRONMENT,What to know about the wildfire response this week,A formal announcement is expected in the coming days.,Maria Alvarez,2025-08-17,https://example-news.test/environment/1344
1244,TECH,"The robotics lab suffers major setback, raising fresh concerns",Critics say more accountability is needed going forward.,Elena Petrova,2024-12-15,https://example-news.test/tech/1244
1327,TECH,The robotics lab sparks outrage over controversial decision,Several stakeholders called for an immediate review.,Chen Wei,2021-09-07,https://example-news.test/tech/1327
1274,EDUCATION,A closer look at the teacher shortage and what comes next,A formal announcement is expected in the coming days.,James Whitfield,2025-11-01,https://example-news.test/education/1274
1352,SCIENCE,The climate model faces backlash after chaotic week,Critics say more accountability is needed going forward.,Elena Petrova,2022-12-03,https://example-news.test/science/1352
1114,ENTERTAINMENT,What to know about the reunion tour this week,Further details are expected to be released soon.,Chen Wei,2023-03-22,https://example-news.test/entertainment/1114
1366,ENTERTAINMENT,The box office hit struggles as setbacks pile up,The fallout has raised questions about what happens next.,Grace Achieng,2022-11-26,https://example-news.test/entertainment/1366
1372,WORLD NEWS,How the trade summit turned things around and inspired a nation,Community members expressed relief and optimism.,Chen Wei,2026-07-05,https://example-news.test/world-news/1372
1176,WORLD NEWS,The humanitarian aid effort struggles as setbacks pile up,Critics say more accountability is needed going forward.,Noah Fischer,2023-05-31,https://example-news.test/world-news/1176
1098,SCIENCE,The climate model disappoints critics with underwhelming results,It is the latest in a string of difficult headlines.,Noah Fischer,2026-07-04,https://example-news.test/science/1098
1293,BUSINESS,A closer look at the startup and what comes next,"The situation is still developing, sources say.",Tom O'Malley,2023-04-08,https://example-news.test/business/1293
1363,BUSINESS,The stock market celebrates historic breakthrough this week,The results were better than most had forecast.,Aisha Bello,2024-01-10,https://example-news.test/business/1363
1299,ENVIRONMENT,The reforestation effort announces plans for next quarter,Further details are expected to be released soon.,Lukas Berg,2022-12-22,https://example-news.test/environment/1299
1019,HEALTH,"The new vaccine praised for bold, forward-thinking approach",The results were better than most had forecast.,Maria Alvarez,2023-12-15,https://example-news.test/health/1019
1378,ENVIRONMENT,The wildfire response outlines next steps in official statement,A formal announcement is expected in the coming days.,James Whitfield,2023-10-14,https://example-news.test/environment/1378
1199,HEALTH,"The hospital network praised for bold, forward-thinking approach",Officials and observers alike called it a turning point.,David Kim,2022-04-13,https://example-news.test/health/1199
1208,POLITICS,Local lawmakers earns widespread praise for smooth rollout,Officials and observers alike called it a turning point.,David Kim,2022-12-08,https://example-news.test/politics/1208
1215,POLITICS,The president brings hope to thousands amid tough year,Community members expressed relief and optimism.,Sofia Rossi,2023-02-26,https://example-news.test/politics/1215
1133,HEALTH,The wellness study sparks outrage over controversial decision,It is the latest in a string of difficult headlines.,Aisha Bello,2023-02-12,https://example-news.test/health/1133
1152,BUSINESS,"The retail chain hit by delays, leaving many frustrated",It is the latest in a string of difficult headlines.,Maria Alvarez,2025-02-03,https://example-news.test/business/1152
1255,HEALTH,The clinical trial brings hope to thousands amid tough year,Analysts say the momentum could carry into next year.,Tom O'Malley,2026-07-17,https://example-news.test/health/1255
1439,SCIENCE,"The fossil discovery hit by delays, leaving many frustrated",Critics say more accountability is needed going forward.,Sofia Rossi,2026-02-08,https://example-news.test/science/1439
1014,SPORTS,"The rookie player suffers major setback, raising fresh concerns",The fallout has raised questions about what happens next.,Chen Wei,2022-07-26,https://example-news.test/sports/1014
1370,TECH,How the software update turned things around and inspired a nation,Community members expressed relief and optimism.,Grace Achieng,2025-04-06,https://example-news.test/tech/1370
1072,BUSINESS,"The merger exceeds expectations, boosting confidence nationwide",Community members expressed relief and optimism.,Sofia Rossi,2026-08-30,https://example-news.test/business/1072
1349,ENVIRONMENT,The clean energy plan celebrates historic breakthrough this week,Community members expressed relief and optimism.,Chen Wei,2025-06-14,https://example-news.test/environment/1349
1164,SPORTS,The marathon disappoints critics with underwhelming results,Several stakeholders called for an immediate review.,James Whitfield,2025-02-13,https://example-news.test/sports/1164
1339,HEALTH,The hospital network sparks outrage over controversial decision,Critics say more accountability is needed going forward.,Grace Achieng,2023-06-26,https://example-news.test/health/1339
1207,WORLD NEWS,The humanitarian aid effort criticized for lack of transparency,It is the latest in a string of difficult headlines.,David Kim,2022-09-10,https://example-news.test/world-news/1207
1491,TECH,The chip shortage hits new milestone after years of hard work,Officials and observers alike called it a turning point.,Aisha Bello,2026-06-01,https://example-news.test/tech/1491
1415,WORLD NEWS,How the border dispute turned things around and inspired a nation,Analysts say the momentum could carry into next year.,Elena Petrova,2022-06-25,https://example-news.test/world-news/1415
1490,POLITICS,The president celebrates historic breakthrough this week,Officials and observers alike called it a turning point.,James Whitfield,2024-11-01,https://example-news.test/politics/1490
1485,BUSINESS,The central bank criticized for lack of transparency,The fallout has raised questions about what happens next.,Noah Fischer,2021-12-30,https://example-news.test/business/1485
1030,SCIENCE,How the space mission turned things around and inspired a nation,Community members expressed relief and optimism.,Lukas Berg,2025-08-11,https://example-news.test/science/1030
1124,SCIENCE,The lab breakthrough announces plans for next quarter,"The situation is still developing, sources say.",Lukas Berg,2021-08-11,https://example-news.test/science/1124
1392,EDUCATION,The tuition hike criticized for lack of transparency,Several stakeholders called for an immediate review.,Sofia Rossi,2022-12-08,https://example-news.test/education/1392
1520,SPORTS,"The star striker suffers major setback, raising fresh concerns",The fallout has raised questions about what happens next.,Sofia Rossi,2024-12-03,https://example-news.test/sports/1520
1077,SCIENCE,The fossil discovery sparks outrage over controversial decision,Critics say more accountability is needed going forward.,Tom O'Malley,2025-09-17,https://example-news.test/science/1077
1097,EDUCATION,The teacher shortage announces plans for next quarter,Further details are expected to be released soon.,James Whitfield,2023-09-16,https://example-news.test/education/1097
1450,ENTERTAINMENT,The film festival brings hope to thousands amid tough year,The results were better than most had forecast.,Sofia Rossi,2021-09-03,https://example-news.test/entertainment/1450
1506,BUSINESS,The merger criticized for lack of transparency,Several stakeholders called for an immediate review.,David Kim,2026-02-20,https://example-news.test/business/1506
1482,SCIENCE,A closer look at the fossil discovery and what comes next,Further details are expected to be released soon.,Priya Natarajan,2021-01-08,https://example-news.test/science/1482
1336,SPORTS,"The rookie player exceeds expectations, boosting confidence nationwide",Analysts say the momentum could carry into next year.,Elena Petrova,2023-04-18,https://example-news.test/sports/1336
1134,SPORTS,The league sparks outrage over controversial decision,Critics say more accountability is needed going forward.,Aisha Bello,2026-04-22,https://example-news.test/sports/1134
1444,SCIENCE,The telescope hits new milestone after years of hard work,Community members expressed relief and optimism.,James Whitfield,2026-08-19,https://example-news.test/science/1444
1514,ENTERTAINMENT,The reunion tour criticized for lack of transparency,Several stakeholders called for an immediate review.,Elena Petrova,2025-09-04,https://example-news.test/entertainment/1514
1328,ENVIRONMENT,The drought releases new report on recent activity,"The situation is still developing, sources say.",David Kim,2026-07-24,https://example-news.test/environment/1328
1142,POLITICS,"The Senate delivers surprising win, and experts are impressed",Community members expressed relief and optimism.,Aisha Bello,2025-03-16,https://example-news.test/politics/1142
1173,WORLD NEWS,The ceasefire announces plans for next quarter,"The situation is still developing, sources say.",Lukas Berg,2025-10-13,https://example-news.test/world-news/1173
1033,ENTERTAINMENT,The box office hit hits new milestone after years of hard work,The results were better than most had forecast.,David Kim,2022-02-06,https://example-news.test/entertainment/1033
1247,POLITICS,The new bill earns widespread praise for smooth rollout,Community members expressed relief and optimism.,Lukas Berg,2021-05-13,https://example-news.test/politics/1247
1056,SPORTS,The championship responds to questions about recent changes,Officials say more information will follow shortly.,Chen Wei,2023-07-22,https://example-news.test/sports/1056
1351,ENTERTAINMENT,What to know about the reunion tour this week,A formal announcement is expected in the coming days.,James Whitfield,2025-07-19,https://example-news.test/entertainment/1351
1153,TECH,The new smartphone outlines next steps in official statement,"The situation is still developing, sources say.",Priya Natarajan,2023-04-03,https://example-news.test/tech/1153
1145,SPORTS,"The marathon suffers major setback, raising fresh concerns",Several stakeholders called for an immediate review.,Noah Fischer,2021-02-08,https://example-news.test/sports/1145
1486,HEALTH,The outbreak brings hope to thousands amid tough year,Analysts say the momentum could carry into next year.,Elena Petrova,2021-10-05,https://example-news.test/health/1486
1305,SCIENCE,How the lab breakthrough turned things around and inspired a nation,Officials and observers alike called it a turning point.,Priya Natarajan,2022-07-30,https://example-news.test/science/1305
1493,BUSINESS,The startup brings hope to thousands amid tough year,The results were better than most had forecast.,Elena Petrova,2023-12-23,https://example-news.test/business/1493
1288,ENVIRONMENT,"The recycling initiative praised for bold, forward-thinking approach",The results were better than most had forecast.,David Kim,2024-11-03,https://example-news.test/environment/1288
1192,SCIENCE,The lab breakthrough brings hope to thousands amid tough year,Community members expressed relief and optimism.,Tom O'Malley,2022-07-17,https://example-news.test/science/1192
1430,HEALTH,The clinical trial responds to questions about recent changes,A formal announcement is expected in the coming days.,Maria Alvarez,2021-10-04,https://example-news.test/health/1430
1432,ENVIRONMENT,The recycling initiative sparks outrage over controversial decision,Critics say more accountability is needed going forward.,Noah Fischer,2022-09-18,https://example-news.test/environment/1432
1340,TECH,How the new smartphone turned things around and inspired a nation,Community members expressed relief and optimism.,Priya Natarajan,2023-03-15,https://example-news.test/tech/1340
1262,ENVIRONMENT,The coral reef project celebrates historic breakthrough this week,Officials and observers alike called it a turning point.,David Kim,2022-11-22,https://example-news.test/environment/1262
1004,EDUCATION,The scholarship fund announces plans for next quarter,Further details are expected to be released soon.,Elena Petrova,2025-09-28,https://example-news.test/education/1004
1053,BUSINESS,The startup schedules review after routine inspection,Further details are expected to be released soon.,Tom O'Malley,2022-10-28,https://example-news.test/business/1053
1300,POLITICS,Local lawmakers releases new report on recent activity,Officials say more information will follow shortly.,Maria Alvarez,2021-02-07,https://example-news.test/politics/1300
1204,BUSINESS,"The merger hit by delays, leaving many frustrated",Several stakeholders called for an immediate review.,Grace Achieng,2021-08-19,https://example-news.test/business/1204
1320,ENVIRONMENT,The recycling initiative disappoints critics with underwhelming results,Critics say more accountability is needed going forward.,Maria Alvarez,2024-05-07,https://example-news.test/environment/1320
1423,EDUCATION,The teacher shortage earns widespread praise for smooth rollout,Analysts say the momentum could carry into next year.,Noah Fischer,2022-09-13,https://example-news.test/education/1423
1267,WORLD NEWS,"The border dispute praised for bold, forward-thinking approach",Community members expressed relief and optimism.,Elena Petrova,2024-07-31,https://example-news.test/world-news/1267
1509,ENTERTAINMENT,The awards show schedules review after routine inspection,Officials say more information will follow shortly.,Lukas Berg,2026-06-12,https://example-news.test/entertainment/1509
1155,WORLD NEWS,The trade summit outlines next steps in official statement,A formal announcement is expected in the coming days.,Sofia Rossi,2021-11-05,https://example-news.test/world-news/1155
1239,ENVIRONMENT,The recycling initiative brings hope to thousands amid tough year,Community members expressed relief and optimism.,Aisha Bello,2021-07-15,https://example-news.test/environment/1239
1112,TECH,The AI startup hits new milestone after years of hard work,Analysts say the momentum could carry into next year.,Maria Alvarez,2025-08-01,https://example-news.test/tech/1112
1487,HEALTH,The wellness study announces plans for next quarter,A formal announcement is expected in the coming days.,Lukas Berg,2025-11-30,https://example-news.test/health/1487
1236,HEALTH,"The clinical trial praised for bold, forward-thinking approach",The results were better than most had forecast.,Elena Petrova,2026-05-15,https://example-news.test/health/1236
1179,HEALTH,The hospital network responds to questions about recent changes,A formal announcement is expected in the coming days.,James Whitfield,2021-12-16,https://example-news.test/health/1179
1437,POLITICS,The new bill criticized for lack of transparency,Several stakeholders called for an immediate review.,Priya Natarajan,2025-03-04,https://example-news.test/politics/1437
1193,ENTERTAINMENT,"The album release delivers surprising win, and experts are impressed",The results were better than most had forecast.,Elena Petrova,2025-10-30,https://example-news.test/entertainment/1193
1459,TECH,The new smartphone outlines next steps in official statement,"The situation is still developing, sources say.",David Kim,2021-07-20,https://example-news.test/tech/1459
1217,HEALTH,How the clinical trial turned things around and inspired a nation,Analysts say the momentum could carry into next year.,Priya Natarajan,2023-01-11,https://example-news.test/health/1217
1141,SCIENCE,What to know about the research team this week,"The situation is still developing, sources say.",Priya Natarajan,2024-05-11,https://example-news.test/science/1141
1330,SCIENCE,"The space mission praised for bold, forward-thinking approach",The results were better than most had forecast.,Tom O'Malley,2023-07-13,https://example-news.test/science/1330
1364,BUSINESS,How the central bank turned things around and inspired a nation,The results were better than most had forecast.,David Kim,2025-07-30,https://example-news.test/business/1364
1365,BUSINESS,The stock market hits new milestone after years of hard work,Community members expressed relief and optimism.,Lukas Berg,2021-02-20,https://example-news.test/business/1365
1157,POLITICS,"The president suffers major setback, raising fresh concerns",Several stakeholders called for an immediate review.,Noah Fischer,2023-12-10,https://example-news.test/politics/1157
1483,EDUCATION,The tuition hike announces plans for next quarter,Further details are expected to be released soon.,Grace Achieng,2024-07-27,https://example-news.test/education/1483
1413,HEALTH,"The clinical trial suffers major setback, raising fresh concerns",Several stakeholders called for an immediate review.,Noah Fischer,2021-07-18,https://example-news.test/health/1413
1312,ENVIRONMENT,The reforestation effort struggles as setbacks pile up,Critics say more accountability is needed going forward.,David Kim,2023-04-09,https://example-news.test/environment/1312
1130,SPORTS,The marathon sparks outrage over controversial decision,The fallout has raised questions about what happens next.,Grace Achieng,2022-07-14,https://example-news.test/sports/1130
1115,SCIENCE,"The research team under fire for costly, avoidable mistake",Several stakeholders called for an immediate review.,Priya Natarajan,2021-10-20,https://example-news.test/science/1115
1497,BUSINESS,The startup responds to questions about recent changes,"The situation is still developing, sources say.",Noah Fischer,2023-12-22,https://example-news.test/business/1497
1411,WORLD NEWS,The ceasefire criticized for lack of transparency,Critics say more accountability is needed going forward.,David Kim,2025-06-18,https://example-news.test/world-news/1411
1308,SPORTS,"The national team suffers major setback, raising fresh concerns",Several stakeholders called for an immediate review.,Priya Natarajan,2025-07-19,https://example-news.test/sports/1308
1089,SCIENCE,The telescope brings hope to thousands amid tough year,Officials and observers alike called it a turning point.,Elena Petrova,2024-05-20,https://example-news.test/science/1089
1511,EDUCATION,The online learning platform schedules review after routine inspection,A formal announcement is expected in the coming days.,Lukas Berg,2024-09-19,https://example-news.test/education/1511
1068,BUSINESS,The central bank to hold public briefing on Thursday,Further details are expected to be released soon.,Priya Natarajan,2021-04-11,https://example-news.test/business/1068
1467,TECH,"The software update praised for bold, forward-thinking approach",Officials and observers alike called it a turning point.,Grace Achieng,2023-10-04,https://example-news.test/tech/1467
1243,HEALTH,The new vaccine celebrates historic breakthrough this week,Community members expressed relief and optimism.,Sofia Rossi,2025-10-12,https://example-news.test/health/1243
1005,HEALTH,The wellness study earns widespread praise for smooth rollout,Officials and observers alike called it a turning point.,James Whitfield,2025-04-06,https://example-news.test/health/1005
1350,BUSINESS,The startup responds to questions about recent changes,Further details are expected to be released soon.,Elena Petrova,2023-07-15,https://example-news.test/business/1350
1393,ENTERTAINMENT,"The awards show under fire for costly, avoidable mistake",Several stakeholders called for an immediate review.,James Whitfield,2023-09-05,https://example-news.test/entertainment/1393
1496,SPORTS,"The national team praised for bold, forward-thinking approach",Community members expressed relief and optimism.,James Whitfield,2026-04-24,https://example-news.test/sports/1496
1400,SPORTS,"The league exceeds expectations, boosting confidence nationwide",The results were better than most had forecast.,David Kim,2022-04-09,https://example-news.test/sports/1400
1443,TECH,The new smartphone sparks outrage over controversial decision,The fallout has raised questions about what happens next.,Aisha Bello,2023-10-14,https://example-news.test/tech/1443
1011,EDUCATION,The teacher shortage brings hope to thousands amid tough year,Analysts say the momentum could carry into next year.,Sofia Rossi,2025-04-04,https://example-news.test/education/1011
1263,EDUCATION,The online learning platform earns widespread praise for smooth rollout,Officials and observers alike called it a turning point.,Maria Alvarez,2021-11-29,https://example-news.test/education/1263
1210,ENTERTAINMENT,The box office hit criticized for lack of transparency,Critics say more accountability is needed going forward.,Noah Fischer,2024-10-02,https://example-news.test/entertainment/1210
1334,POLITICS,The president faces backlash after chaotic week,Critics say more accountability is needed going forward.,Tom O'Malley,2023-06-08,https://example-news.test/politics/1334
1138,HEALTH,What to know about the clinical trial this week,Officials say more information will follow shortly.,Noah Fischer,2025-04-06,https://example-news.test/health/1138
1106,EDUCATION,"The scholarship fund suffers major setback, raising fresh concerns",Several stakeholders called for an immediate review.,Priya Natarajan,2021-07-30,https://example-news.test/education/1106
1347,ENVIRONMENT,The drought faces backlash after chaotic week,Several stakeholders called for an immediate review.,David Kim,2024-03-20,https://example-news.test/environment/1347
1116,POLITICS,A closer look at the new bill and what comes next,"The situation is still developing, sources say.",James Whitfield,2026-04-04,https://example-news.test/politics/1116
1332,SCIENCE,The lab breakthrough sparks outrage over controversial decision,The fallout has raised questions about what happens next.,Chen Wei,2023-04-13,https://example-news.test/science/1332
1227,POLITICS,The president responds to questions about recent changes,Further details are expected to be released soon.,Elena Petrova,2026-04-06,https://example-news.test/politics/1227
1220,ENTERTAINMENT,The box office hit to hold public briefing on Thursday,Officials say more information will follow shortly.,Noah Fischer,2025-12-10,https://example-news.test/entertainment/1220
1167,TECH,The social platform brings hope to thousands amid tough year,Analysts say the momentum could carry into next year.,Tom O'Malley,2024-09-07,https://example-news.test/tech/1167
1051,ENVIRONMENT,The wildfire response releases new report on recent activity,"The situation is still developing, sources say.",Priya Natarajan,2021-06-21,https://example-news.test/environment/1051
1396,WORLD NEWS,The trade summit earns widespread praise for smooth rollout,The results were better than most had forecast.,Grace Achieng,2021-08-08,https://example-news.test/world-news/1396
1029,ENTERTAINMENT,"The reunion tour under fire for costly, avoidable mistake",It is the latest in a string of difficult headlines.,Tom O'Malley,2026-04-22,https://example-news.test/entertainment/1029
1292,SCIENCE,The fossil discovery releases new report on recent activity,Officials say more information will follow shortly.,Maria Alvarez,2024-03-24,https://example-news.test/science/1292
1093,ENVIRONMENT,"The reforestation effort exceeds expectations, boosting confidence nationwide",The results were better than most had forecast.,Lukas Berg,2024-01-05,https://example-news.test/environment/1093
1265,EDUCATION,The teacher shortage celebrates historic breakthrough this week,Community members expressed relief and optimism.,Sofia Rossi,2023-10-01,https://example-news.test/education/1265
1168,TECH,"The social platform praised for bold, forward-thinking approach",Analysts say the momentum could carry into next year.,David Kim,2023-10-24,https://example-news.test/tech/1168
1353,BUSINESS,The merger outlines next steps in official statement,A formal announcement is expected in the coming days.,David Kim,2021-06-24,https://example-news.test/business/1353
